Workbook
Name Sample: #REF!

Sheet Data
A1: Well | B1: WO# | C1: DNA | D1: Primer | F1: FileName
A2: A01 | B2: =IFERROR( VLOOKUP($A2, '[1]Order form'!$A$20:$L$115, 7, FALSE), "") -> 0 | C2: =IFERROR( VLOOKUP($A2, '[1]Order form'!$A$20:$L$115, 10, FALSE), "") -> (#A1) | D2: =IFERROR( VLOOKUP($A2, '[1]Order form'!$A$20:$L$115, 4, FALSE), "") -> 0 | F2: =IF(C2="","", IF(E2<>"", C2&"-"&D2&"-"&E2&"-"&A2, IF(LEFT(C2,3)="POS", C2&"-"&A2, IF(AND(B2<>"",NOT(ISNUMBER(--B2))), IFERROR( VLOOKUP($A2, '[1]Order form'!$A$20:$L$115, 12,FALSE), ""), C2&"-"&D2&"-"&A2 ) ) ) ) -> (#A1)-0-A01
A3: B01 | B3: =IFERROR( VLOOKUP($A3, '[1]Order form'!$A$20:$L$115, 7, FALSE), "") | C3: =IFERROR( VLOOKUP($A3, '[1]Order form'!$A$20:$L$115, 10, FALSE), "") | D3: =IFERROR( VLOOKUP($A3, '[1]Order form'!$A$20:$L$115, 4, FALSE), "") | F3: =IF(C3="","", IF(E3<>"", C3&"-"&D3&"-"&E3&"-"&A3, IF(LEFT(C3,3)="POS", C3&"-"&A3, IF(AND(B3<>"",NOT(ISNUMBER(--B3))), IFERROR( VLOOKUP($A3, '[1]Order form'!$A$20:$L$115, 12,FALSE), ""), C3&"-"&D3&"-"&A3 ) ) ) )
A4: C01 | B4: =IFERROR( VLOOKUP($A4, '[1]Order form'!$A$20:$L$115, 7, FALSE), "") | C4: =IFERROR( VLOOKUP($A4, '[1]Order form'!$A$20:$L$115, 10, FALSE), "") | D4: =IFERROR( VLOOKUP($A4, '[1]Order form'!$A$20:$L$115, 4, FALSE), "") | F4: =IF(C4="","", IF(E4<>"", C4&"-"&D4&"-"&E4&"-"&A4, IF(LEFT(C4,3)="POS", C4&"-"&A4, IF(AND(B4<>"",NOT(ISNUMBER(--B4))), IFERROR( VLOOKUP($A4, '[1]Order form'!$A$20:$L$115, 12,FALSE), ""), C4&"-"&D4&"-"&A4 ) ) ) )
A5: D01 | B5: =IFERROR( VLOOKUP($A5, '[1]Order form'!$A$20:$L$115, 7, FALSE), "") | C5: =IFERROR( VLOOKUP($A5, '[1]Order form'!$A$20:$L$115, 10, FALSE), "") | D5: =IFERROR( VLOOKUP($A5, '[1]Order form'!$A$20:$L$115, 4, FALSE), "") | F5: =IF(C5="","", IF(E5<>"", C5&"-"&D5&"-"&E5&"-"&A5, IF(LEFT(C5,3)="POS", C5&"-"&A5, IF(AND(B5<>"",NOT(ISNUMBER(--B5))), IFERROR( VLOOKUP($A5, '[1]Order form'!$A$20:$L$115, 12,FALSE), ""), C5&"-"&D5&"-"&A5 ) ) ) )
A6: E01 | B6: =IFERROR( VLOOKUP($A6, '[1]Order form'!$A$20:$L$115, 7, FALSE), "") | C6: =IFERROR( VLOOKUP($A6, '[1]Order form'!$A$20:$L$115, 10, FALSE), "") | D6: =IFERROR( VLOOKUP($A6, '[1]Order form'!$A$20:$L$115, 4, FALSE), "") | F6: =IF(C6="","", IF(E6<>"", C6&"-"&D6&"-"&E6&"-"&A6, IF(LEFT(C6,3)="POS", C6&"-"&A6, IF(AND(B6<>"",NOT(ISNUMBER(--B6))), IFERROR( VLOOKUP($A6, '[1]Order form'!$A$20:$L$115, 12,FALSE), ""), C6&"-"&D6&"-"&A6 ) ) ) )
A7: F01 | B7: =IFERROR( VLOOKUP($A7, '[1]Order form'!$A$20:$L$115, 7, FALSE), "") | C7: =IFERROR( VLOOKUP($A7, '[1]Order form'!$A$20:$L$115, 10, FALSE), "") | D7: =IFERROR( VLOOKUP($A7, '[1]Order form'!$A$20:$L$115, 4, FALSE), "") | F7: =IF(C7="","", IF(E7<>"", C7&"-"&D7&"-"&E7&"-"&A7, IF(LEFT(C7,3)="POS", C7&"-"&A7, IF(AND(B7<>"",NOT(ISNUMBER(--B7))), IFERROR( VLOOKUP($A7, '[1]Order form'!$A$20:$L$115, 12,FALSE), ""), C7&"-"&D7&"-"&A7 ) ) ) )
A8: G01 | B8: =IFERROR( VLOOKUP($A8, '[1]Order form'!$A$20:$L$115, 7, FALSE), "") | C8: =IFERROR( VLOOKUP($A8, '[1]Order form'!$A$20:$L$115, 10, FALSE), "") | D8: =IFERROR( VLOOKUP($A8, '[1]Order form'!$A$20:$L$115, 4, FALSE), "") | F8: =IF(C8="","", IF(E8<>"", C8&"-"&D8&"-"&E8&"-"&A8, IF(LEFT(C8,3)="POS", C8&"-"&A8, IF(AND(B8<>"",NOT(ISNUMBER(--B8))), IFERROR( VLOOKUP($A8, '[1]Order form'!$A$20:$L$115, 12,FALSE), ""), C8&"-"&D8&"-"&A8 ) ) ) )
A9: H01 | B9: =IFERROR( VLOOKUP($A9, '[1]Order form'!$A$20:$L$115, 7, FALSE), "") | C9: =IFERROR( VLOOKUP($A9, '[1]Order form'!$A$20:$L$115, 10, FALSE), "") | D9: =IFERROR( VLOOKUP($A9, '[1]Order form'!$A$20:$L$115, 4, FALSE), "") | F9: =IF(C9="","", IF(E9<>"", C9&"-"&D9&"-"&E9&"-"&A9, IF(LEFT(C9,3)="POS", C9&"-"&A9, IF(AND(B9<>"",NOT(ISNUMBER(--B9))), IFERROR( VLOOKUP($A9, '[1]Order form'!$A$20:$L$115, 12,FALSE), ""), C9&"-"&D9&"-"&A9 ) ) ) )
A10: A02 | B10: =IFERROR( VLOOKUP($A10, '[1]Order form'!$A$20:$L$115, 7, FALSE), "") | C10: =IFERROR( VLOOKUP($A10, '[1]Order form'!$A$20:$L$115, 10, FALSE), "") | D10: =IFERROR( VLOOKUP($A10, '[1]Order form'!$A$20:$L$115, 4, FALSE), "") | F10: =IF(C10="","", IF(E10<>"", C10&"-"&D10&"-"&E10&"-"&A10, IF(LEFT(C10,3)="POS", C10&"-"&A10, IF(AND(B10<>"",NOT(ISNUMBER(--B10))), IFERROR( VLOOKUP($A10, '[1]Order form'!$A$20:$L$115, 12,FALSE), ""), C10&"-"&D10&"-"&A10 ) ) ) )
A11: B02 | B11: =IFERROR( VLOOKUP($A11, '[1]Order form'!$A$20:$L$115, 7, FALSE), "") | C11: =IFERROR( VLOOKUP($A11, '[1]Order form'!$A$20:$L$115, 10, FALSE), "") | D11: =IFERROR( VLOOKUP($A11, '[1]Order form'!$A$20:$L$115, 4, FALSE), "") | F11: =IF(C11="","", IF(E11<>"", C11&"-"&D11&"-"&E11&"-"&A11, IF(LEFT(C11,3)="POS", C11&"-"&A11, IF(AND(B11<>"",NOT(ISNUMBER(--B11))), IFERROR( VLOOKUP($A11, '[1]Order form'!$A$20:$L$115, 12,FALSE), ""), C11&"-"&D11&"-"&A11 ) ) ) )
A12: C02 | B12: =IFERROR( VLOOKUP($A12, '[1]Order form'!$A$20:$L$115, 7, FALSE), "") | C12: =IFERROR( VLOOKUP($A12, '[1]Order form'!$A$20:$L$115, 10, FALSE), "") | D12: =IFERROR( VLOOKUP($A12, '[1]Order form'!$A$20:$L$115, 4, FALSE), "") | F12: =IF(C12="","", IF(E12<>"", C12&"-"&D12&"-"&E12&"-"&A12, IF(LEFT(C12,3)="POS", C12&"-"&A12, IF(AND(B12<>"",NOT(ISNUMBER(--B12))), IFERROR( VLOOKUP($A12, '[1]Order form'!$A$20:$L$115, 12,FALSE), ""), C12&"-"&D12&"-"&A12 ) ) ) )
A13: D02 | B13: =IFERROR( VLOOKUP($A13, '[1]Order form'!$A$20:$L$115, 7, FALSE), "") | C13: =IFERROR( VLOOKUP($A13, '[1]Order form'!$A$20:$L$115, 10, FALSE), "") | D13: =IFERROR( VLOOKUP($A13, '[1]Order form'!$A$20:$L$115, 4, FALSE), "") | F13: =IF(C13="","", IF(E13<>"", C13&"-"&D13&"-"&E13&"-"&A13, IF(LEFT(C13,3)="POS", C13&"-"&A13, IF(AND(B13<>"",NOT(ISNUMBER(--B13))), IFERROR( VLOOKUP($A13, '[1]Order form'!$A$20:$L$115, 12,FALSE), ""), C13&"-"&D13&"-"&A13 ) ) ) )
... A97: H12 | B97: =IFERROR( VLOOKUP($A97, '[1]Order form'!$A$20:$L$115, 7, FALSE), "") | C97: =IFERROR( VLOOKUP($A97, '[1]Order form'!$A$20:$L$115, 10, FALSE), "") | D97: =IFERROR( VLOOKUP($A97, '[1]Order form'!$A$20:$L$115, 4, FALSE), "") | F97: =IF(C97="","", IF(E97<>"", C97&"-"&D97&"-"&E97&"-"&A97, IF(LEFT(C97,3)="POS", C97&"-"&A97, IF(AND(B97<>"",NOT(ISNUMBER(--B97))), IFERROR( VLOOKUP($A97, '[1]Order form'!$A$20:$L$115, 12,FALSE), ""), C97&"-"&D97&"-"&A97 ) ) ) )

Sheet Layout
A1: DNA_Sequencing_Sample_Record | F1: Date: | G1: =TODAY() -> 46098 | K1: Plate_Name: | L1: =MID(CELL("filename"),SEARCH("[",CELL("filename"))+1,SEARCH("]",CELL("filename"))-SEARCH("[",CELL("filename"))-6) -> Sequencing_layout_v4
B2: 1 | C2: 2 | D2: 3 | E2: 4 | F2: 5 | G2: 6 | H2: 7 | I2: 8 | J2: 9 | K2: 10 | L2: 11 | M2: 12
A3: A | B3: =IF(Data!$B$2="","", Data!$B$2) -> 0 | C3: =IF(Data!$B$10="","", Data!$B$10) | D3: =IF(Data!$B$18="","", Data!$B$18) | E3: =IF(Data!$B$26="","", Data!$B$26) | F3: =IF(Data!$B$34="","", Data!$B$34) | G3: =IF(Data!$B$42="","", Data!$B$42) | H3: =IF(Data!$B$50="","", Data!$B$50) | I3: =IF(Data!$B$58="","", Data!$B$58) | J3: =IF(Data!$B$66="","", Data!$B$66) | K3: =IF(Data!$B$74="","", Data!$B$74) | L3: =IF(Data!$B$82="","", Data!$B$82) | M3: =IF(Data!$B$90="","", Data!$B$90) | O3: WO#
B4: =Data!$D$2 -> 0 | C4: =Data!$D$10 | D4: =Data!$D$18 | E4: =Data!$D$26 | F4: =Data!$D$34 | G4: =Data!$D$42 | H4: =Data!$D$50 | I4: =Data!$D$58 | J4: =Data!$D$66 | K4: =Data!$D$74 | L4: =Data!$D$82 | M4: =Data!$D$90 | O4: Primer
B5: =Data!$C$2 -> (#A1) | C5: =Data!$C$10 | D5: =Data!$C$18 | E5: =Data!$C$26 | F5: =Data!$C$34 | G5: =Data!$C$42 | H5: =Data!$C$50 | I5: =Data!$C$58 | J5: =Data!$C$66 | K5: =Data!$C$74 | L5: =Data!$C$82 | M5: =Data!$C$90 | O5: DNA
A6: B | B6: =IF(Data!$B$3="","", Data!$B$3) | C6: =IF(Data!$B$11="","", Data!$B$11) | D6: =IF(Data!$B$19="","", Data!$B$19) | E6: =IF(Data!$B$27="","", Data!$B$27) | F6: =IF(Data!$B$35="","", Data!$B$35) | G6: =IF(Data!$B$43="","", Data!$B$43) | H6: =IF(Data!$B$51="","", Data!$B$51) | I6: =IF(Data!$B$59="","", Data!$B$59) | J6: =IF(Data!$B$67="","", Data!$B$67) | K6: =IF(Data!$B$75="","", Data!$B$75) | L6: =IF(Data!$B$83="","", Data!$B$83) | M6: =IF(Data!$B$91="","", Data!$B$91)
B7: =Data!$D$3 | C7: =Data!$D$11 | D7: =Data!$D$19 | E7: =Data!$D$27 | F7: =Data!$D$35 | G7: =Data!$D$43 | H7: =Data!$D$51 | I7: =Data!$D$59 | J7: =Data!$D$67 | K7: =Data!$D$75 | L7: =Data!$D$83 | M7: =Data!$D$91
B8: =Data!$C$3 | C8: =Data!$C$11 | D8: =Data!$C$19 | E8: =Data!$C$27 | F8: =Data!$C$35 | G8: =Data!$C$43 | H8: =Data!$C$51 | I8: =Data!$C$59 | J8: =Data!$C$67 | K8: =Data!$C$75 | L8: =Data!$C$83 | M8: =Data!$C$91
A9: C | B9: =IF(Data!$B$4="","", Data!$B$4) | C9: =IF(Data!$B$12="","", Data!$B$12) | D9: =IF(Data!$B$20="","", Data!$B$20) | E9: =IF(Data!$B$28="","", Data!$B$28) | F9: =IF(Data!$B$36="","", Data!$B$36) | G9: =IF(Data!$B$44="","", Data!$B$44) | H9: =IF(Data!$B$52="","", Data!$B$52) | I9: =IF(Data!$B$60="","", Data!$B$60) | J9: =IF(Data!$B$68="","", Data!$B$68) | K9: =IF(Data!$B$76="","", Data!$B$76) | L9: =IF(Data!$B$84="","", Data!$B$84) | M9: =IF(Data!$B$92="","", Data!$B$92)
B10: =Data!$D$4 | C10: =Data!$D$12 | D10: =Data!$D$20 | E10: =Data!$D$28 | F10: =Data!$D$36 | G10: =Data!$D$44 | H10: =Data!$D$52 | I10: =Data!$D$60 | J10: =Data!$D$68 | K10: =Data!$D$76 | L10: =Data!$D$84 | M10: =Data!$D$92
B11: =Data!$C$4 | C11: =Data!$C$12 | D11: =Data!$C$20 | E11: =Data!$C$28 | F11: =Data!$C$36 | G11: =Data!$C$44 | H11: =Data!$C$52 | I11: =Data!$C$60 | J11: =Data!$C$68 | K11: =Data!$C$76 | L11: =Data!$C$84 | M11: =Data!$C$92
A12: D | B12: =IF(Data!$B$5="","", Data!$B$5) | C12: =IF(Data!$B$13="","", Data!$B$13) | D12: =IF(Data!$B$21="","", Data!$B$21) | E12: =IF(Data!$B$29="","", Data!$B$29) | F12: =IF(Data!$B$37="","", Data!$B$37) | G12: =IF(Data!$B$45="","", Data!$B$45) | H12: =IF(Data!$B$53="","", Data!$B$53) | I12: =IF(Data!$B$61="","", Data!$B$61) | J12: =IF(Data!$B$69="","", Data!$B$69) | K12: =IF(Data!$B$77="","", Data!$B$77) | L12: =IF(Data!$B$85="","", Data!$B$85) | M12: =IF(Data!$B$93="","", Data!$B$93)
B13: =Data!$D$5 | C13: =Data!$D$13 | D13: =Data!$D$21 | E13: =Data!$D$29 | F13: =Data!$D$37 | G13: =Data!$D$45 | H13: =Data!$D$53 | I13: =Data!$D$61 | J13: =Data!$D$69 | K13: =Data!$D$77 | L13: =Data!$D$85 | M13: =Data!$D$93
B14: =Data!$C$5 | C14: =Data!$C$13 | D14: =Data!$C$21 | E14: =Data!$C$29 | F14: =Data!$C$37 | G14: =Data!$C$45 | H14: =Data!$C$53 | I14: =Data!$C$61 | J14: =Data!$C$69 | K14: =Data!$C$77 | L14: =Data!$C$85 | M14: =Data!$C$93
A15: E | B15: =IF(Data!$B$6="","", Data!$B$6) | C15: =IF(Data!$B$14="","", Data!$B$14) | D15: =IF(Data!$B$22="","", Data!$B$22) | E15: =IF(Data!$B$30="","", Data!$B$30) | F15: =IF(Data!$B$38="","", Data!$B$38) | G15: =IF(Data!$B$46="","", Data!$B$46) | H15: =IF(Data!$B$54="","", Data!$B$54) | I15: =IF(Data!$B$62="","", Data!$B$62) | J15: =IF(Data!$B$70="","", Data!$B$70) | K15: =IF(Data!$B$78="","", Data!$B$78) | L15: =IF(Data!$B$86="","", Data!$B$86) | M15: =IF(Data!$B$94="","", Data!$B$94)
B16: =Data!$D$6 | C16: =Data!$D$14 | D16: =Data!$D$22 | E16: =Data!$D$30 | F16: =Data!$D$38 | G16: =Data!$D$46 | H16: =Data!$D$54 | I16: =Data!$D$62 | J16: =Data!$D$70 | K16: =Data!$D$78 | L16: =Data!$D$86 | M16: =Data!$D$94
B17: =Data!$C$6 | C17: =Data!$C$14 | D17: =Data!$C$22 | E17: =Data!$C$30 | F17: =Data!$C$38 | G17: =Data!$C$46 | H17: =Data!$C$54 | I17: =Data!$C$62 | J17: =Data!$C$70 | K17: =Data!$C$78 | L17: =Data!$C$86 | M17: =Data!$C$94
A18: F | B18: =IF(Data!$B$7="","", Data!$B$7) | C18: =IF(Data!$B$15="","", Data!$B$15) | D18: =IF(Data!$B$23="","", Data!$B$23) | E18: =IF(Data!$B$31="","", Data!$B$31) | F18: =IF(Data!$B$39="","", Data!$B$39) | G18: =IF(Data!$B$47="","", Data!$B$47) | H18: =IF(Data!$B$55="","", Data!$B$55) | I18: =IF(Data!$B$63="","", Data!$B$63) | J18: =IF(Data!$B$71="","", Data!$B$71) | K18: =IF(Data!$B$79="","", Data!$B$79) | L18: =IF(Data!$B$87="","", Data!$B$87) | M18: =IF(Data!$B$95="","", Data!$B$95)
B19: =Data!$D$7 | C19: =Data!$D$15 | D19: =Data!$D$23 | E19: =Data!$D$31 | F19: =Data!$D$39 | G19: =Data!$D$47 | H19: =Data!$D$55 | I19: =Data!$D$63 | J19: =Data!$D$71 | K19: =Data!$D$79 | L19: =Data!$D$87 | M19: =Data!$D$95
B20: =Data!$C$7 | C20: =Data!$C$15 | D20: =Data!$C$23 | E20: =Data!$C$31 | F20: =Data!$C$39 | G20: =Data!$C$47 | H20: =Data!$C$55 | I20: =Data!$C$63 | J20: =Data!$C$71 | K20: =Data!$C$79 | L20: =Data!$C$87 | M20: =Data!$C$95
A21: G | B21: =IF(Data!$B$8="","", Data!$B$8) | C21: =IF(Data!$B$16="","", Data!$B$16) | D21: =IF(Data!$B$24="","", Data!$B$24) | E21: =IF(Data!$B$32="","", Data!$B$32) | F21: =IF(Data!$B$40="","", Data!$B$40) | G21: =IF(Data!$B$48="","", Data!$B$48) | H21: =IF(Data!$B$56="","", Data!$B$56) | I21: =IF(Data!$B$64="","", Data!$B$64) | J21: =IF(Data!$B$72="","", Data!$B$72) | K21: =IF(Data!$B$80="","", Data!$B$80) | L21: =IF(Data!$B$88="","", Data!$B$88) | M21: =IF(Data!$B$96="","", Data!$B$96)
B22: =Data!$D$8 | C22: =Data!$D$16 | D22: =Data!$D$24 | E22: =Data!$D$32 | F22: =Data!$D$40 | G22: =Data!$D$48 | H22: =Data!$D$56 | I22: =Data!$D$64 | J22: =Data!$D$72 | K22: =Data!$D$80 | L22: =Data!$D$88 | M22: =Data!$D$96
B23: =Data!$C$8 | C23: =Data!$C$16 | D23: =Data!$C$24 | E23: =Data!$C$32 | F23: =Data!$C$40 | G23: =Data!$C$48 | H23: =Data!$C$56 | I23: =Data!$C$64 | J23: =Data!$C$72 | K23: =Data!$C$80 | L23: =Data!$C$88 | M23: =Data!$C$96
A24: H | B24: =IF(Data!$B$9="","", Data!$B$9) | C24: =IF(Data!$B$17="","", Data!$B$17) | D24: =IF(Data!$B$25="","", Data!$B$25) | E24: =IF(Data!$B$33="","", Data!$B$33) | F24: =IF(Data!$B$41="","", Data!$B$41) | G24: =IF(Data!$B$49="","", Data!$B$49) | H24: =IF(Data!$B$57="","", Data!$B$57) | I24: =IF(Data!$B$65="","", Data!$B$65) | J24: =IF(Data!$B$73="","", Data!$B$73) | K24: =IF(Data!$B$81="","", Data!$B$81) | L24: =IF(Data!$B$89="","", Data!$B$89) | M24: =IF(Data!$B$97="","", Data!$B$97)
B25: =Data!$D$9 | C25: =Data!$D$17 | D25: =Data!$D$25 | E25: =Data!$D$33 | F25: =Data!$D$41 | G25: =Data!$D$49 | H25: =Data!$D$57 | I25: =Data!$D$65 | J25: =Data!$D$73 | K25: =Data!$D$81 | L25: =Data!$D$89 | M25: =Data!$D$97
B26: =Data!$C$9 | C26: =Data!$C$17 | D26: =Data!$C$25 | E26: =Data!$C$33 | F26: =Data!$C$41 | G26: =Data!$C$49 | H26: =Data!$C$57 | I26: =Data!$C$65 | J26: =Data!$C$73 | K26: =Data!$C$81 | L26: =Data!$C$89 | M26: =Data!$C$97
C28: Sample_number: | E28: =96-(COUNTBLANK(Data!B2:B97)) -> 1 | H28: PCR_Start | K28: Run_#
C29: PCR_Machine_#: | K29: Conc:
C30: Notes: | K30: Size: | M30: PM
K31: Protocol_# | M31: RS

Sheet Layout (Simplified)
A1: DNA_Sequencing_Sample_Record | F1: Date: | G1: =TODAY() -> 46098 | K1: Plate_Name: | L1: =MID(CELL("filename"),SEARCH("[",CELL("filename"))+1,SEARCH("]",CELL("filename"))-SEARCH("[",CELL("filename"))-6) -> Sequencing_layout_v4
B2: 1 | C2: 2 | D2: 3 | E2: 4 | F2: 5 | G2: 6 | H2: 7 | I2: 8 | J2: 9 | K2: 10 | L2: 11 | M2: 12
A3: A | B3: =IF(Data!$B$2="","", Data!$B$2) -> 0 | C3: =IF(Data!$B$10="","", Data!$B$10) | D3: =IF(Data!$B$18="","", Data!$B$18) | E3: =IF(Data!$B$26="","", Data!$B$26) | F3: =IF(Data!$B$34="","", Data!$B$34) | G3: =IF(Data!$B$42="","", Data!$B$42) | H3: =IF(Data!$B$50="","", Data!$B$50) | I3: =IF(Data!$B$58="","", Data!$B$58) | J3: =IF(Data!$B$66="","", Data!$B$66) | K3: =IF(Data!$B$74="","", Data!$B$74) | L3: =IF(Data!$B$82="","", Data!$B$82) | M3: =IF(Data!$B$90="","", Data!$B$90) | O3: WO#
B4: =IFERROR(MID(Data!$D2, SEARCH("(", Data!$D2) + 1, SEARCH(")", Data!$D2) - SEARCH("(", Data!$D2) - 1), Data!$D2) -> 0 | C4: =IFERROR(MID(Data!$D10, SEARCH("(", Data!$D10) + 1, SEARCH(")", Data!$D10) - SEARCH("(", Data!$D10) - 1), Data!$D10) | D4: =IFERROR(MID(Data!$D18, SEARCH("(", Data!$D18) + 1, SEARCH(")", Data!$D18) - SEARCH("(", Data!$D18) - 1), Data!$D18) | E4: =IFERROR(MID(Data!$D26, SEARCH("(", Data!$D26) + 1, SEARCH(")", Data!$D26) - SEARCH("(", Data!$D26) - 1), Data!$D26) | F4: =IFERROR(MID(Data!$D34, SEARCH("(", Data!$D34) + 1, SEARCH(")", Data!$D34) - SEARCH("(", Data!$D34) - 1), Data!$D34) | G4: =IFERROR(MID(Data!$D42, SEARCH("(", Data!$D42) + 1, SEARCH(")", Data!$D42) - SEARCH("(", Data!$D42) - 1), Data!$D42) | H4: =IFERROR(MID(Data!$D50, SEARCH("(", Data!$D50) + 1, SEARCH(")", Data!$D50) - SEARCH("(", Data!$D50) - 1), Data!$D50) | I4: =IFERROR(MID(Data!$D58, SEARCH("(", Data!$D58) + 1, SEARCH(")", Data!$D58) - SEARCH("(", Data!$D58) - 1), Data!$D58) | J4: =IFERROR(MID(Data!$D66, SEARCH("(", Data!$D66) + 1, SEARCH(")", Data!$D66) - SEARCH("(", Data!$D66) - 1), Data!$D66) | K4: =IFERROR(MID(Data!$D74, SEARCH("(", Data!$D74) + 1, SEARCH(")", Data!$D74) - SEARCH("(", Data!$D74) - 1), Data!$D74) | L4: =IFERROR(MID(Data!$D82, SEARCH("(", Data!$D82) + 1, SEARCH(")", Data!$D82) - SEARCH("(", Data!$D82) - 1), Data!$D82) | M4: =IFERROR(MID(Data!$D90, SEARCH("(", Data!$D90) + 1, SEARCH(")", Data!$D90) - SEARCH("(", Data!$D90) - 1), Data!$D90) | O4: Primer
B5: =IFERROR(MID(Data!$C2, SEARCH("(", Data!$C2) + 1, SEARCH(")", Data!$C2) - SEARCH("(", Data!$C2) - 1), Data!$C2) -> #A1 | C5: =IFERROR(MID(Data!$C10, SEARCH("(", Data!$C10) + 1, SEARCH(")", Data!$C10) - SEARCH("(", Data!$C10) - 1), Data!$C10) | D5: =IFERROR(MID(Data!$C18, SEARCH("(", Data!$C18) + 1, SEARCH(")", Data!$C18) - SEARCH("(", Data!$C18) - 1), Data!$C18) | E5: =IFERROR(MID(Data!$C26, SEARCH("(", Data!$C26) + 1, SEARCH(")", Data!$C26) - SEARCH("(", Data!$C26) - 1), Data!$C26) | F5: =IFERROR(MID(Data!$C34, SEARCH("(", Data!$C34) + 1, SEARCH(")", Data!$C34) - SEARCH("(", Data!$C34) - 1), Data!$C34) | G5: =IFERROR(MID(Data!$C42, SEARCH("(", Data!$C42) + 1, SEARCH(")", Data!$C42) - SEARCH("(", Data!$C42) - 1), Data!$C42) | H5: =IFERROR(MID(Data!$C50, SEARCH("(", Data!$C50) + 1, SEARCH(")", Data!$C50) - SEARCH("(", Data!$C50) - 1), Data!$C50) | I5: =IFERROR(MID(Data!$C58, SEARCH("(", Data!$C58) + 1, SEARCH(")", Data!$C58) - SEARCH("(", Data!$C58) - 1), Data!$C58) | J5: =IFERROR(MID(Data!$C66, SEARCH("(", Data!$C66) + 1, SEARCH(")", Data!$C66) - SEARCH("(", Data!$C66) - 1), Data!$C66) | K5: =IFERROR(MID(Data!$C74, SEARCH("(", Data!$C74) + 1, SEARCH(")", Data!$C74) - SEARCH("(", Data!$C74) - 1), Data!$C74) | L5: =IFERROR(MID(Data!$C82, SEARCH("(", Data!$C82) + 1, SEARCH(")", Data!$C82) - SEARCH("(", Data!$C82) - 1), Data!$C82) | M5: =IFERROR(MID(Data!$C90, SEARCH("(", Data!$C90) + 1, SEARCH(")", Data!$C90) - SEARCH("(", Data!$C90) - 1), Data!$C90) | O5: DNA
A6: B | B6: =IF(Data!$B$3="","", Data!$B$3) | C6: =IF(Data!$B$11="","", Data!$B$11) | D6: =IF(Data!$B$19="","", Data!$B$19) | E6: =IF(Data!$B$27="","", Data!$B$27) | F6: =IF(Data!$B$35="","", Data!$B$35) | G6: =IF(Data!$B$43="","", Data!$B$43) | H6: =IF(Data!$B$51="","", Data!$B$51) | I6: =IF(Data!$B$59="","", Data!$B$59) | J6: =IF(Data!$B$67="","", Data!$B$67) | K6: =IF(Data!$B$75="","", Data!$B$75) | L6: =IF(Data!$B$83="","", Data!$B$83) | M6: =IF(Data!$B$91="","", Data!$B$91)
B7: =IFERROR(MID(Data!$D3, SEARCH("(", Data!$D3) + 1, SEARCH(")", Data!$D3) - SEARCH("(", Data!$D3) - 1), Data!$D3) | C7: =IFERROR(MID(Data!$D11, SEARCH("(", Data!$D11) + 1, SEARCH(")", Data!$D11) - SEARCH("(", Data!$D11) - 1), Data!$D11) | D7: =IFERROR(MID(Data!$D19, SEARCH("(", Data!$D19) + 1, SEARCH(")", Data!$D19) - SEARCH("(", Data!$D19) - 1), Data!$D19) | E7: =IFERROR(MID(Data!$D27, SEARCH("(", Data!$D27) + 1, SEARCH(")", Data!$D27) - SEARCH("(", Data!$D27) - 1), Data!$D27) | F7: =IFERROR(MID(Data!$D35, SEARCH("(", Data!$D35) + 1, SEARCH(")", Data!$D35) - SEARCH("(", Data!$D35) - 1), Data!$D35) | G7: =IFERROR(MID(Data!$D43, SEARCH("(", Data!$D43) + 1, SEARCH(")", Data!$D43) - SEARCH("(", Data!$D43) - 1), Data!$D43) | H7: =IFERROR(MID(Data!$D51, SEARCH("(", Data!$D51) + 1, SEARCH(")", Data!$D51) - SEARCH("(", Data!$D51) - 1), Data!$D51) | I7: =IFERROR(MID(Data!$D59, SEARCH("(", Data!$D59) + 1, SEARCH(")", Data!$D59) - SEARCH("(", Data!$D59) - 1), Data!$D59) | J7: =IFERROR(MID(Data!$D67, SEARCH("(", Data!$D67) + 1, SEARCH(")", Data!$D67) - SEARCH("(", Data!$D67) - 1), Data!$D67) | K7: =IFERROR(MID(Data!$D75, SEARCH("(", Data!$D75) + 1, SEARCH(")", Data!$D75) - SEARCH("(", Data!$D75) - 1), Data!$D75) | L7: =IFERROR(MID(Data!$D83, SEARCH("(", Data!$D83) + 1, SEARCH(")", Data!$D83) - SEARCH("(", Data!$D83) - 1), Data!$D83) | M7: =IFERROR(MID(Data!$D91, SEARCH("(", Data!$D91) + 1, SEARCH(")", Data!$D91) - SEARCH("(", Data!$D91) - 1), Data!$D91)
B8: =IFERROR(MID(Data!$C3, SEARCH("(", Data!$C3) + 1, SEARCH(")", Data!$C3) - SEARCH("(", Data!$C3) - 1), Data!$C3) | C8: =IFERROR(MID(Data!$C11, SEARCH("(", Data!$C11) + 1, SEARCH(")", Data!$C11) - SEARCH("(", Data!$C11) - 1), Data!$C11) | D8: =IFERROR(MID(Data!$C19, SEARCH("(", Data!$C19) + 1, SEARCH(")", Data!$C19) - SEARCH("(", Data!$C19) - 1), Data!$C19) | E8: =IFERROR(MID(Data!$C27, SEARCH("(", Data!$C27) + 1, SEARCH(")", Data!$C27) - SEARCH("(", Data!$C27) - 1), Data!$C27) | F8: =IFERROR(MID(Data!$C35, SEARCH("(", Data!$C35) + 1, SEARCH(")", Data!$C35) - SEARCH("(", Data!$C35) - 1), Data!$C35) | G8: =IFERROR(MID(Data!$C43, SEARCH("(", Data!$C43) + 1, SEARCH(")", Data!$C43) - SEARCH("(", Data!$C43) - 1), Data!$C43) | H8: =IFERROR(MID(Data!$C51, SEARCH("(", Data!$C51) + 1, SEARCH(")", Data!$C51) - SEARCH("(", Data!$C51) - 1), Data!$C51) | I8: =IFERROR(MID(Data!$C59, SEARCH("(", Data!$C59) + 1, SEARCH(")", Data!$C59) - SEARCH("(", Data!$C59) - 1), Data!$C59) | J8: =IFERROR(MID(Data!$C67, SEARCH("(", Data!$C67) + 1, SEARCH(")", Data!$C67) - SEARCH("(", Data!$C67) - 1), Data!$C67) | K8: =IFERROR(MID(Data!$C75, SEARCH("(", Data!$C75) + 1, SEARCH(")", Data!$C75) - SEARCH("(", Data!$C75) - 1), Data!$C75) | L8: =IFERROR(MID(Data!$C83, SEARCH("(", Data!$C83) + 1, SEARCH(")", Data!$C83) - SEARCH("(", Data!$C83) - 1), Data!$C83) | M8: =IFERROR(MID(Data!$C91, SEARCH("(", Data!$C91) + 1, SEARCH(")", Data!$C91) - SEARCH("(", Data!$C91) - 1), Data!$C91)
A9: C | B9: =IF(Data!$B$4="","", Data!$B$4) | C9: =IF(Data!$B$12="","", Data!$B$12) | D9: =IF(Data!$B$20="","", Data!$B$20) | E9: =IF(Data!$B$28="","", Data!$B$28) | F9: =IF(Data!$B$36="","", Data!$B$36) | G9: =IF(Data!$B$44="","", Data!$B$44) | H9: =IF(Data!$B$52="","", Data!$B$52) | I9: =IF(Data!$B$60="","", Data!$B$60) | J9: =IF(Data!$B$68="","", Data!$B$68) | K9: =IF(Data!$B$76="","", Data!$B$76) | L9: =IF(Data!$B$84="","", Data!$B$84) | M9: =IF(Data!$B$92="","", Data!$B$92)
B10: =IFERROR(MID(Data!$D4, SEARCH("(", Data!$D4) + 1, SEARCH(")", Data!$D4) - SEARCH("(", Data!$D4) - 1), Data!$D4) | C10: =IFERROR(MID(Data!$D12, SEARCH("(", Data!$D12) + 1, SEARCH(")", Data!$D12) - SEARCH("(", Data!$D12) - 1), Data!$D12) | D10: =IFERROR(MID(Data!$D20, SEARCH("(", Data!$D20) + 1, SEARCH(")", Data!$D20) - SEARCH("(", Data!$D20) - 1), Data!$D20) | E10: =IFERROR(MID(Data!$D28, SEARCH("(", Data!$D28) + 1, SEARCH(")", Data!$D28) - SEARCH("(", Data!$D28) - 1), Data!$D28) | F10: =IFERROR(MID(Data!$D36, SEARCH("(", Data!$D36) + 1, SEARCH(")", Data!$D36) - SEARCH("(", Data!$D36) - 1), Data!$D36) | G10: =IFERROR(MID(Data!$D44, SEARCH("(", Data!$D44) + 1, SEARCH(")", Data!$D44) - SEARCH("(", Data!$D44) - 1), Data!$D44) | H10: =IFERROR(MID(Data!$D52, SEARCH("(", Data!$D52) + 1, SEARCH(")", Data!$D52) - SEARCH("(", Data!$D52) - 1), Data!$D52) | I10: =IFERROR(MID(Data!$D60, SEARCH("(", Data!$D60) + 1, SEARCH(")", Data!$D60) - SEARCH("(", Data!$D60) - 1), Data!$D60) | J10: =IFERROR(MID(Data!$D68, SEARCH("(", Data!$D68) + 1, SEARCH(")", Data!$D68) - SEARCH("(", Data!$D68) - 1), Data!$D68) | K10: =IFERROR(MID(Data!$D76, SEARCH("(", Data!$D76) + 1, SEARCH(")", Data!$D76) - SEARCH("(", Data!$D76) - 1), Data!$D76) | L10: =IFERROR(MID(Data!$D84, SEARCH("(", Data!$D84) + 1, SEARCH(")", Data!$D84) - SEARCH("(", Data!$D84) - 1), Data!$D84) | M10: =IFERROR(MID(Data!$D92, SEARCH("(", Data!$D92) + 1, SEARCH(")", Data!$D92) - SEARCH("(", Data!$D92) - 1), Data!$D92)
B11: =IFERROR(MID(Data!$C4, SEARCH("(", Data!$C4) + 1, SEARCH(")", Data!$C4) - SEARCH("(", Data!$C4) - 1), Data!$C4) | C11: =IFERROR(MID(Data!$C12, SEARCH("(", Data!$C12) + 1, SEARCH(")", Data!$C12) - SEARCH("(", Data!$C12) - 1), Data!$C12) | D11: =IFERROR(MID(Data!$C20, SEARCH("(", Data!$C20) + 1, SEARCH(")", Data!$C20) - SEARCH("(", Data!$C20) - 1), Data!$C20) | E11: =IFERROR(MID(Data!$C28, SEARCH("(", Data!$C28) + 1, SEARCH(")", Data!$C28) - SEARCH("(", Data!$C28) - 1), Data!$C28) | F11: =IFERROR(MID(Data!$C36, SEARCH("(", Data!$C36) + 1, SEARCH(")", Data!$C36) - SEARCH("(", Data!$C36) - 1), Data!$C36) | G11: =IFERROR(MID(Data!$C44, SEARCH("(", Data!$C44) + 1, SEARCH(")", Data!$C44) - SEARCH("(", Data!$C44) - 1), Data!$C44) | H11: =IFERROR(MID(Data!$C52, SEARCH("(", Data!$C52) + 1, SEARCH(")", Data!$C52) - SEARCH("(", Data!$C52) - 1), Data!$C52) | I11: =IFERROR(MID(Data!$C60, SEARCH("(", Data!$C60) + 1, SEARCH(")", Data!$C60) - SEARCH("(", Data!$C60) - 1), Data!$C60) | J11: =IFERROR(MID(Data!$C68, SEARCH("(", Data!$C68) + 1, SEARCH(")", Data!$C68) - SEARCH("(", Data!$C68) - 1), Data!$C68) | K11: =IFERROR(MID(Data!$C76, SEARCH("(", Data!$C76) + 1, SEARCH(")", Data!$C76) - SEARCH("(", Data!$C76) - 1), Data!$C76) | L11: =IFERROR(MID(Data!$C84, SEARCH("(", Data!$C84) + 1, SEARCH(")", Data!$C84) - SEARCH("(", Data!$C84) - 1), Data!$C84) | M11: =IFERROR(MID(Data!$C92, SEARCH("(", Data!$C92) + 1, SEARCH(")", Data!$C92) - SEARCH("(", Data!$C92) - 1), Data!$C92)
A12: D | B12: =IF(Data!$B$5="","", Data!$B$5) | C12: =IF(Data!$B$13="","", Data!$B$13) | D12: =IF(Data!$B$21="","", Data!$B$21) | E12: =IF(Data!$B$29="","", Data!$B$29) | F12: =IF(Data!$B$37="","", Data!$B$37) | G12: =IF(Data!$B$45="","", Data!$B$45) | H12: =IF(Data!$B$53="","", Data!$B$53) | I12: =IF(Data!$B$61="","", Data!$B$61) | J12: =IF(Data!$B$69="","", Data!$B$69) | K12: =IF(Data!$B$77="","", Data!$B$77) | L12: =IF(Data!$B$85="","", Data!$B$85) | M12: =IF(Data!$B$93="","", Data!$B$93)
B13: =IFERROR(MID(Data!$D5, SEARCH("(", Data!$D5) + 1, SEARCH(")", Data!$D5) - SEARCH("(", Data!$D5) - 1), Data!$D5) | C13: =IFERROR(MID(Data!$D13, SEARCH("(", Data!$D13) + 1, SEARCH(")", Data!$D13) - SEARCH("(", Data!$D13) - 1), Data!$D13) | D13: =IFERROR(MID(Data!$D21, SEARCH("(", Data!$D21) + 1, SEARCH(")", Data!$D21) - SEARCH("(", Data!$D21) - 1), Data!$D21) | E13: =IFERROR(MID(Data!$D29, SEARCH("(", Data!$D29) + 1, SEARCH(")", Data!$D29) - SEARCH("(", Data!$D29) - 1), Data!$D29) | F13: =IFERROR(MID(Data!$D37, SEARCH("(", Data!$D37) + 1, SEARCH(")", Data!$D37) - SEARCH("(", Data!$D37) - 1), Data!$D37) | G13: =IFERROR(MID(Data!$D45, SEARCH("(", Data!$D45) + 1, SEARCH(")", Data!$D45) - SEARCH("(", Data!$D45) - 1), Data!$D45) | H13: =IFERROR(MID(Data!$D53, SEARCH("(", Data!$D53) + 1, SEARCH(")", Data!$D53) - SEARCH("(", Data!$D53) - 1), Data!$D53) | I13: =IFERROR(MID(Data!$D61, SEARCH("(", Data!$D61) + 1, SEARCH(")", Data!$D61) - SEARCH("(", Data!$D61) - 1), Data!$D61) | J13: =IFERROR(MID(Data!$D69, SEARCH("(", Data!$D69) + 1, SEARCH(")", Data!$D69) - SEARCH("(", Data!$D69) - 1), Data!$D69) | K13: =IFERROR(MID(Data!$D77, SEARCH("(", Data!$D77) + 1, SEARCH(")", Data!$D77) - SEARCH("(", Data!$D77) - 1), Data!$D77) | L13: =IFERROR(MID(Data!$D85, SEARCH("(", Data!$D85) + 1, SEARCH(")", Data!$D85) - SEARCH("(", Data!$D85) - 1), Data!$D85) | M13: =IFERROR(MID(Data!$D93, SEARCH("(", Data!$D93) + 1, SEARCH(")", Data!$D93) - SEARCH("(", Data!$D93) - 1), Data!$D93)
B14: =IFERROR(MID(Data!$C5, SEARCH("(", Data!$C5) + 1, SEARCH(")", Data!$C5) - SEARCH("(", Data!$C5) - 1), Data!$C5) | C14: =IFERROR(MID(Data!$C13, SEARCH("(", Data!$C13) + 1, SEARCH(")", Data!$C13) - SEARCH("(", Data!$C13) - 1), Data!$C13) | D14: =IFERROR(MID(Data!$C21, SEARCH("(", Data!$C21) + 1, SEARCH(")", Data!$C21) - SEARCH("(", Data!$C21) - 1), Data!$C21) | E14: =IFERROR(MID(Data!$C29, SEARCH("(", Data!$C29) + 1, SEARCH(")", Data!$C29) - SEARCH("(", Data!$C29) - 1), Data!$C29) | F14: =IFERROR(MID(Data!$C37, SEARCH("(", Data!$C37) + 1, SEARCH(")", Data!$C37) - SEARCH("(", Data!$C37) - 1), Data!$C37) | G14: =IFERROR(MID(Data!$C45, SEARCH("(", Data!$C45) + 1, SEARCH(")", Data!$C45) - SEARCH("(", Data!$C45) - 1), Data!$C45) | H14: =IFERROR(MID(Data!$C53, SEARCH("(", Data!$C53) + 1, SEARCH(")", Data!$C53) - SEARCH("(", Data!$C53) - 1), Data!$C53) | I14: =IFERROR(MID(Data!$C61, SEARCH("(", Data!$C61) + 1, SEARCH(")", Data!$C61) - SEARCH("(", Data!$C61) - 1), Data!$C61) | J14: =IFERROR(MID(Data!$C69, SEARCH("(", Data!$C69) + 1, SEARCH(")", Data!$C69) - SEARCH("(", Data!$C69) - 1), Data!$C69) | K14: =IFERROR(MID(Data!$C77, SEARCH("(", Data!$C77) + 1, SEARCH(")", Data!$C77) - SEARCH("(", Data!$C77) - 1), Data!$C77) | L14: =IFERROR(MID(Data!$C85, SEARCH("(", Data!$C85) + 1, SEARCH(")", Data!$C85) - SEARCH("(", Data!$C85) - 1), Data!$C85) | M14: =IFERROR(MID(Data!$C93, SEARCH("(", Data!$C93) + 1, SEARCH(")", Data!$C93) - SEARCH("(", Data!$C93) - 1), Data!$C93)
A15: E | B15: =IF(Data!$B$6="","", Data!$B$6) | C15: =IF(Data!$B$14="","", Data!$B$14) | D15: =IF(Data!$B$22="","", Data!$B$22) | E15: =IF(Data!$B$30="","", Data!$B$30) | F15: =IF(Data!$B$38="","", Data!$B$38) | G15: =IF(Data!$B$46="","", Data!$B$46) | H15: =IF(Data!$B$54="","", Data!$B$54) | I15: =IF(Data!$B$62="","", Data!$B$62) | J15: =IF(Data!$B$70="","", Data!$B$70) | K15: =IF(Data!$B$78="","", Data!$B$78) | L15: =IF(Data!$B$86="","", Data!$B$86) | M15: =IF(Data!$B$94="","", Data!$B$94)
B16: =IFERROR(MID(Data!$D6, SEARCH("(", Data!$D6) + 1, SEARCH(")", Data!$D6) - SEARCH("(", Data!$D6) - 1), Data!$D6) | C16: =IFERROR(MID(Data!$D14, SEARCH("(", Data!$D14) + 1, SEARCH(")", Data!$D14) - SEARCH("(", Data!$D14) - 1), Data!$D14) | D16: =IFERROR(MID(Data!$D22, SEARCH("(", Data!$D22) + 1, SEARCH(")", Data!$D22) - SEARCH("(", Data!$D22) - 1), Data!$D22) | E16: =IFERROR(MID(Data!$D30, SEARCH("(", Data!$D30) + 1, SEARCH(")", Data!$D30) - SEARCH("(", Data!$D30) - 1), Data!$D30) | F16: =IFERROR(MID(Data!$D38, SEARCH("(", Data!$D38) + 1, SEARCH(")", Data!$D38) - SEARCH("(", Data!$D38) - 1), Data!$D38) | G16: =IFERROR(MID(Data!$D46, SEARCH("(", Data!$D46) + 1, SEARCH(")", Data!$D46) - SEARCH("(", Data!$D46) - 1), Data!$D46) | H16: =IFERROR(MID(Data!$D54, SEARCH("(", Data!$D54) + 1, SEARCH(")", Data!$D54) - SEARCH("(", Data!$D54) - 1), Data!$D54) | I16: =IFERROR(MID(Data!$D62, SEARCH("(", Data!$D62) + 1, SEARCH(")", Data!$D62) - SEARCH("(", Data!$D62) - 1), Data!$D62) | J16: =IFERROR(MID(Data!$D70, SEARCH("(", Data!$D70) + 1, SEARCH(")", Data!$D70) - SEARCH("(", Data!$D70) - 1), Data!$D70) | K16: =IFERROR(MID(Data!$D78, SEARCH("(", Data!$D78) + 1, SEARCH(")", Data!$D78) - SEARCH("(", Data!$D78) - 1), Data!$D78) | L16: =IFERROR(MID(Data!$D86, SEARCH("(", Data!$D86) + 1, SEARCH(")", Data!$D86) - SEARCH("(", Data!$D86) - 1), Data!$D86) | M16: =IFERROR(MID(Data!$D94, SEARCH("(", Data!$D94) + 1, SEARCH(")", Data!$D94) - SEARCH("(", Data!$D94) - 1), Data!$D94)
B17: =IFERROR(MID(Data!$C6, SEARCH("(", Data!$C6) + 1, SEARCH(")", Data!$C6) - SEARCH("(", Data!$C6) - 1), Data!$C6) | C17: =IFERROR(MID(Data!$C14, SEARCH("(", Data!$C14) + 1, SEARCH(")", Data!$C14) - SEARCH("(", Data!$C14) - 1), Data!$C14) | D17: =IFERROR(MID(Data!$C22, SEARCH("(", Data!$C22) + 1, SEARCH(")", Data!$C22) - SEARCH("(", Data!$C22) - 1), Data!$C22) | E17: =IFERROR(MID(Data!$C30, SEARCH("(", Data!$C30) + 1, SEARCH(")", Data!$C30) - SEARCH("(", Data!$C30) - 1), Data!$C30) | F17: =IFERROR(MID(Data!$C38, SEARCH("(", Data!$C38) + 1, SEARCH(")", Data!$C38) - SEARCH("(", Data!$C38) - 1), Data!$C38) | G17: =IFERROR(MID(Data!$C46, SEARCH("(", Data!$C46) + 1, SEARCH(")", Data!$C46) - SEARCH("(", Data!$C46) - 1), Data!$C46) | H17: =IFERROR(MID(Data!$C54, SEARCH("(", Data!$C54) + 1, SEARCH(")", Data!$C54) - SEARCH("(", Data!$C54) - 1), Data!$C54) | I17: =IFERROR(MID(Data!$C62, SEARCH("(", Data!$C62) + 1, SEARCH(")", Data!$C62) - SEARCH("(", Data!$C62) - 1), Data!$C62) | J17: =IFERROR(MID(Data!$C70, SEARCH("(", Data!$C70) + 1, SEARCH(")", Data!$C70) - SEARCH("(", Data!$C70) - 1), Data!$C70) | K17: =IFERROR(MID(Data!$C78, SEARCH("(", Data!$C78) + 1, SEARCH(")", Data!$C78) - SEARCH("(", Data!$C78) - 1), Data!$C78) | L17: =IFERROR(MID(Data!$C86, SEARCH("(", Data!$C86) + 1, SEARCH(")", Data!$C86) - SEARCH("(", Data!$C86) - 1), Data!$C86) | M17: =IFERROR(MID(Data!$C94, SEARCH("(", Data!$C94) + 1, SEARCH(")", Data!$C94) - SEARCH("(", Data!$C94) - 1), Data!$C94)
A18: F | B18: =IF(Data!$B$7="","", Data!$B$7) | C18: =IF(Data!$B$15="","", Data!$B$15) | D18: =IF(Data!$B$23="","", Data!$B$23) | E18: =IF(Data!$B$31="","", Data!$B$31) | F18: =IF(Data!$B$39="","", Data!$B$39) | G18: =IF(Data!$B$47="","", Data!$B$47) | H18: =IF(Data!$B$55="","", Data!$B$55) | I18: =IF(Data!$B$63="","", Data!$B$63) | J18: =IF(Data!$B$71="","", Data!$B$71) | K18: =IF(Data!$B$79="","", Data!$B$79) | L18: =IF(Data!$B$87="","", Data!$B$87) | M18: =IF(Data!$B$95="","", Data!$B$95)
B19: =IFERROR(MID(Data!$D7, SEARCH("(", Data!$D7) + 1, SEARCH(")", Data!$D7) - SEARCH("(", Data!$D7) - 1), Data!$D7) | C19: =IFERROR(MID(Data!$D15, SEARCH("(", Data!$D15) + 1, SEARCH(")", Data!$D15) - SEARCH("(", Data!$D15) - 1), Data!$D15) | D19: =IFERROR(MID(Data!$D23, SEARCH("(", Data!$D23) + 1, SEARCH(")", Data!$D23) - SEARCH("(", Data!$D23) - 1), Data!$D23) | E19: =IFERROR(MID(Data!$D31, SEARCH("(", Data!$D31) + 1, SEARCH(")", Data!$D31) - SEARCH("(", Data!$D31) - 1), Data!$D31) | F19: =IFERROR(MID(Data!$D39, SEARCH("(", Data!$D39) + 1, SEARCH(")", Data!$D39) - SEARCH("(", Data!$D39) - 1), Data!$D39) | G19: =IFERROR(MID(Data!$D47, SEARCH("(", Data!$D47) + 1, SEARCH(")", Data!$D47) - SEARCH("(", Data!$D47) - 1), Data!$D47) | H19: =IFERROR(MID(Data!$D55, SEARCH("(", Data!$D55) + 1, SEARCH(")", Data!$D55) - SEARCH("(", Data!$D55) - 1), Data!$D55) | I19: =IFERROR(MID(Data!$D63, SEARCH("(", Data!$D63) + 1, SEARCH(")", Data!$D63) - SEARCH("(", Data!$D63) - 1), Data!$D63) | J19: =IFERROR(MID(Data!$D71, SEARCH("(", Data!$D71) + 1, SEARCH(")", Data!$D71) - SEARCH("(", Data!$D71) - 1), Data!$D71) | K19: =IFERROR(MID(Data!$D79, SEARCH("(", Data!$D79) + 1, SEARCH(")", Data!$D79) - SEARCH("(", Data!$D79) - 1), Data!$D79) | L19: =IFERROR(MID(Data!$D87, SEARCH("(", Data!$D87) + 1, SEARCH(")", Data!$D87) - SEARCH("(", Data!$D87) - 1), Data!$D87) | M19: =IFERROR(MID(Data!$D95, SEARCH("(", Data!$D95) + 1, SEARCH(")", Data!$D95) - SEARCH("(", Data!$D95) - 1), Data!$D95)
B20: =IFERROR(MID(Data!$C7, SEARCH("(", Data!$C7) + 1, SEARCH(")", Data!$C7) - SEARCH("(", Data!$C7) - 1), Data!$C7) | C20: =IFERROR(MID(Data!$C15, SEARCH("(", Data!$C15) + 1, SEARCH(")", Data!$C15) - SEARCH("(", Data!$C15) - 1), Data!$C15) | D20: =IFERROR(MID(Data!$C23, SEARCH("(", Data!$C23) + 1, SEARCH(")", Data!$C23) - SEARCH("(", Data!$C23) - 1), Data!$C23) | E20: =IFERROR(MID(Data!$C31, SEARCH("(", Data!$C31) + 1, SEARCH(")", Data!$C31) - SEARCH("(", Data!$C31) - 1), Data!$C31) | F20: =IFERROR(MID(Data!$C39, SEARCH("(", Data!$C39) + 1, SEARCH(")", Data!$C39) - SEARCH("(", Data!$C39) - 1), Data!$C39) | G20: =IFERROR(MID(Data!$C47, SEARCH("(", Data!$C47) + 1, SEARCH(")", Data!$C47) - SEARCH("(", Data!$C47) - 1), Data!$C47) | H20: =IFERROR(MID(Data!$C55, SEARCH("(", Data!$C55) + 1, SEARCH(")", Data!$C55) - SEARCH("(", Data!$C55) - 1), Data!$C55) | I20: =IFERROR(MID(Data!$C63, SEARCH("(", Data!$C63) + 1, SEARCH(")", Data!$C63) - SEARCH("(", Data!$C63) - 1), Data!$C63) | J20: =IFERROR(MID(Data!$C71, SEARCH("(", Data!$C71) + 1, SEARCH(")", Data!$C71) - SEARCH("(", Data!$C71) - 1), Data!$C71) | K20: =IFERROR(MID(Data!$C79, SEARCH("(", Data!$C79) + 1, SEARCH(")", Data!$C79) - SEARCH("(", Data!$C79) - 1), Data!$C79) | L20: =IFERROR(MID(Data!$C87, SEARCH("(", Data!$C87) + 1, SEARCH(")", Data!$C87) - SEARCH("(", Data!$C87) - 1), Data!$C87) | M20: =IFERROR(MID(Data!$C95, SEARCH("(", Data!$C95) + 1, SEARCH(")", Data!$C95) - SEARCH("(", Data!$C95) - 1), Data!$C95)
A21: G | B21: =IF(Data!$B$8="","", Data!$B$8) | C21: =IF(Data!$B$16="","", Data!$B$16) | D21: =IF(Data!$B$24="","", Data!$B$24) | E21: =IF(Data!$B$32="","", Data!$B$32) | F21: =IF(Data!$B$40="","", Data!$B$40) | G21: =IF(Data!$B$48="","", Data!$B$48) | H21: =IF(Data!$B$56="","", Data!$B$56) | I21: =IF(Data!$B$64="","", Data!$B$64) | J21: =IF(Data!$B$72="","", Data!$B$72) | K21: =IF(Data!$B$80="","", Data!$B$80) | L21: =IF(Data!$B$88="","", Data!$B$88) | M21: =IF(Data!$B$96="","", Data!$B$96)
B22: =IFERROR(MID(Data!$D8, SEARCH("(", Data!$D8) + 1, SEARCH(")", Data!$D8) - SEARCH("(", Data!$D8) - 1), Data!$D8) | C22: =IFERROR(MID(Data!$D16, SEARCH("(", Data!$D16) + 1, SEARCH(")", Data!$D16) - SEARCH("(", Data!$D16) - 1), Data!$D16) | D22: =IFERROR(MID(Data!$D24, SEARCH("(", Data!$D24) + 1, SEARCH(")", Data!$D24) - SEARCH("(", Data!$D24) - 1), Data!$D24) | E22: =IFERROR(MID(Data!$D32, SEARCH("(", Data!$D32) + 1, SEARCH(")", Data!$D32) - SEARCH("(", Data!$D32) - 1), Data!$D32) | F22: =IFERROR(MID(Data!$D40, SEARCH("(", Data!$D40) + 1, SEARCH(")", Data!$D40) - SEARCH("(", Data!$D40) - 1), Data!$D40) | G22: =IFERROR(MID(Data!$D48, SEARCH("(", Data!$D48) + 1, SEARCH(")", Data!$D48) - SEARCH("(", Data!$D48) - 1), Data!$D48) | H22: =IFERROR(MID(Data!$D56, SEARCH("(", Data!$D56) + 1, SEARCH(")", Data!$D56) - SEARCH("(", Data!$D56) - 1), Data!$D56) | I22: =IFERROR(MID(Data!$D64, SEARCH("(", Data!$D64) + 1, SEARCH(")", Data!$D64) - SEARCH("(", Data!$D64) - 1), Data!$D64) | J22: =IFERROR(MID(Data!$D72, SEARCH("(", Data!$D72) + 1, SEARCH(")", Data!$D72) - SEARCH("(", Data!$D72) - 1), Data!$D72) | K22: =IFERROR(MID(Data!$D80, SEARCH("(", Data!$D80) + 1, SEARCH(")", Data!$D80) - SEARCH("(", Data!$D80) - 1), Data!$D80) | L22: =IFERROR(MID(Data!$D88, SEARCH("(", Data!$D88) + 1, SEARCH(")", Data!$D88) - SEARCH("(", Data!$D88) - 1), Data!$D88) | M22: =IFERROR(MID(Data!$D96, SEARCH("(", Data!$D96) + 1, SEARCH(")", Data!$D96) - SEARCH("(", Data!$D96) - 1), Data!$D96)
B23: =IFERROR(MID(Data!$C8, SEARCH("(", Data!$C8) + 1, SEARCH(")", Data!$C8) - SEARCH("(", Data!$C8) - 1), Data!$C8) | C23: =IFERROR(MID(Data!$C16, SEARCH("(", Data!$C16) + 1, SEARCH(")", Data!$C16) - SEARCH("(", Data!$C16) - 1), Data!$C16) | D23: =IFERROR(MID(Data!$C24, SEARCH("(", Data!$C24) + 1, SEARCH(")", Data!$C24) - SEARCH("(", Data!$C24) - 1), Data!$C24) | E23: =IFERROR(MID(Data!$C32, SEARCH("(", Data!$C32) + 1, SEARCH(")", Data!$C32) - SEARCH("(", Data!$C32) - 1), Data!$C32) | F23: =IFERROR(MID(Data!$C40, SEARCH("(", Data!$C40) + 1, SEARCH(")", Data!$C40) - SEARCH("(", Data!$C40) - 1), Data!$C40) | G23: =IFERROR(MID(Data!$C48, SEARCH("(", Data!$C48) + 1, SEARCH(")", Data!$C48) - SEARCH("(", Data!$C48) - 1), Data!$C48) | H23: =IFERROR(MID(Data!$C56, SEARCH("(", Data!$C56) + 1, SEARCH(")", Data!$C56) - SEARCH("(", Data!$C56) - 1), Data!$C56) | I23: =IFERROR(MID(Data!$C64, SEARCH("(", Data!$C64) + 1, SEARCH(")", Data!$C64) - SEARCH("(", Data!$C64) - 1), Data!$C64) | J23: =IFERROR(MID(Data!$C72, SEARCH("(", Data!$C72) + 1, SEARCH(")", Data!$C72) - SEARCH("(", Data!$C72) - 1), Data!$C72) | K23: =IFERROR(MID(Data!$C80, SEARCH("(", Data!$C80) + 1, SEARCH(")", Data!$C80) - SEARCH("(", Data!$C80) - 1), Data!$C80) | L23: =IFERROR(MID(Data!$C88, SEARCH("(", Data!$C88) + 1, SEARCH(")", Data!$C88) - SEARCH("(", Data!$C88) - 1), Data!$C88) | M23: =IFERROR(MID(Data!$C96, SEARCH("(", Data!$C96) + 1, SEARCH(")", Data!$C96) - SEARCH("(", Data!$C96) - 1), Data!$C96)
A24: H | B24: =IF(Data!$B$9="","", Data!$B$9) | C24: =IF(Data!$B$17="","", Data!$B$17) | D24: =IF(Data!$B$25="","", Data!$B$25) | E24: =IF(Data!$B$33="","", Data!$B$33) | F24: =IF(Data!$B$41="","", Data!$B$41) | G24: =IF(Data!$B$49="","", Data!$B$49) | H24: =IF(Data!$B$57="","", Data!$B$57) | I24: =IF(Data!$B$65="","", Data!$B$65) | J24: =IF(Data!$B$73="","", Data!$B$73) | K24: =IF(Data!$B$81="","", Data!$B$81) | L24: =IF(Data!$B$89="","", Data!$B$89) | M24: =IF(Data!$B$97="","", Data!$B$97)
B25: =IFERROR(MID(Data!$D9, SEARCH("(", Data!$D9) + 1, SEARCH(")", Data!$D9) - SEARCH("(", Data!$D9) - 1), Data!$D9) | C25: =IFERROR(MID(Data!$D17, SEARCH("(", Data!$D17) + 1, SEARCH(")", Data!$D17) - SEARCH("(", Data!$D17) - 1), Data!$D17) | D25: =IFERROR(MID(Data!$D25, SEARCH("(", Data!$D25) + 1, SEARCH(")", Data!$D25) - SEARCH("(", Data!$D25) - 1), Data!$D25) | E25: =IFERROR(MID(Data!$D33, SEARCH("(", Data!$D33) + 1, SEARCH(")", Data!$D33) - SEARCH("(", Data!$D33) - 1), Data!$D33) | F25: =IFERROR(MID(Data!$D41, SEARCH("(", Data!$D41) + 1, SEARCH(")", Data!$D41) - SEARCH("(", Data!$D41) - 1), Data!$D41) | G25: =IFERROR(MID(Data!$D49, SEARCH("(", Data!$D49) + 1, SEARCH(")", Data!$D49) - SEARCH("(", Data!$D49) - 1), Data!$D49) | H25: =IFERROR(MID(Data!$D57, SEARCH("(", Data!$D57) + 1, SEARCH(")", Data!$D57) - SEARCH("(", Data!$D57) - 1), Data!$D57) | I25: =IFERROR(MID(Data!$D65, SEARCH("(", Data!$D65) + 1, SEARCH(")", Data!$D65) - SEARCH("(", Data!$D65) - 1), Data!$D65) | J25: =IFERROR(MID(Data!$D73, SEARCH("(", Data!$D73) + 1, SEARCH(")", Data!$D73) - SEARCH("(", Data!$D73) - 1), Data!$D73) | K25: =IFERROR(MID(Data!$D81, SEARCH("(", Data!$D81) + 1, SEARCH(")", Data!$D81) - SEARCH("(", Data!$D81) - 1), Data!$D81) | L25: =IFERROR(MID(Data!$D89, SEARCH("(", Data!$D89) + 1, SEARCH(")", Data!$D89) - SEARCH("(", Data!$D89) - 1), Data!$D89) | M25: =IFERROR(MID(Data!$D97, SEARCH("(", Data!$D97) + 1, SEARCH(")", Data!$D97) - SEARCH("(", Data!$D97) - 1), Data!$D97)
B26: =IFERROR(MID(Data!$C9, SEARCH("(", Data!$C9) + 1, SEARCH(")", Data!$C9) - SEARCH("(", Data!$C9) - 1), Data!$C9) | C26: =IFERROR(MID(Data!$C17, SEARCH("(", Data!$C17) + 1, SEARCH(")", Data!$C17) - SEARCH("(", Data!$C17) - 1), Data!$C17) | D26: =IFERROR(MID(Data!$C25, SEARCH("(", Data!$C25) + 1, SEARCH(")", Data!$C25) - SEARCH("(", Data!$C25) - 1), Data!$C25) | E26: =IFERROR(MID(Data!$C33, SEARCH("(", Data!$C33) + 1, SEARCH(")", Data!$C33) - SEARCH("(", Data!$C33) - 1), Data!$C33) | F26: =IFERROR(MID(Data!$C41, SEARCH("(", Data!$C41) + 1, SEARCH(")", Data!$C41) - SEARCH("(", Data!$C41) - 1), Data!$C41) | G26: =IFERROR(MID(Data!$C49, SEARCH("(", Data!$C49) + 1, SEARCH(")", Data!$C49) - SEARCH("(", Data!$C49) - 1), Data!$C49) | H26: =IFERROR(MID(Data!$C57, SEARCH("(", Data!$C57) + 1, SEARCH(")", Data!$C57) - SEARCH("(", Data!$C57) - 1), Data!$C57) | I26: =IFERROR(MID(Data!$C65, SEARCH("(", Data!$C65) + 1, SEARCH(")", Data!$C65) - SEARCH("(", Data!$C65) - 1), Data!$C65) | J26: =IFERROR(MID(Data!$C73, SEARCH("(", Data!$C73) + 1, SEARCH(")", Data!$C73) - SEARCH("(", Data!$C73) - 1), Data!$C73) | K26: =IFERROR(MID(Data!$C81, SEARCH("(", Data!$C81) + 1, SEARCH(")", Data!$C81) - SEARCH("(", Data!$C81) - 1), Data!$C81) | L26: =IFERROR(MID(Data!$C89, SEARCH("(", Data!$C89) + 1, SEARCH(")", Data!$C89) - SEARCH("(", Data!$C89) - 1), Data!$C89) | M26: =IFERROR(MID(Data!$C97, SEARCH("(", Data!$C97) + 1, SEARCH(")", Data!$C97) - SEARCH("(", Data!$C97) - 1), Data!$C97)
C28: Sample_number: | E28: =96-(COUNTBLANK(Data!B2:B97)) -> 1 | H28: PCR_Start | K28: Run_#
C29: PCR_Machine_#: | K29: Conc:
C30: Notes: | K30: Size: | M30: PM
K31: Protocol_# | M31: RS

Sheet FileNames
A1: Container Name | B1: Plate ID | C1: Description | D1: ContainerType | E1: AppType | F1: Owner | G1: Operator | H1: PlateSealing | I1: SchedulingPref
A2: =B2 -> Sequencing_layout_v4. | B2: =MID(CELL("filename"),SEARCH("[",CELL("filename"))+1,SEARCH("]",CELL("filename"))-SEARCH("[",CELL("filename"))-5) -> Sequencing_layout_v4. | C2: =B2 -> Sequencing_layout_v4. | D2: 96-Well | E2: Regular | F2: MZ | G2: MZ | H2: Septa | I2: 1234
A3: AppServer | B3: AppInstance
A4: SequencingAnalysis
A5: Well | B5: Sample Name | C5: Comment | D5: Results Group 1 | E5: Instrument Protocol 1 | F5: Analysis Protocol 1
A6: A01 | B6: =IF( VLOOKUP(A6, Data!$A$2:$F$97, 6, FALSE) = "", "-", VLOOKUP(A6, Data!$A$2:$F$97, 6, FALSE) ) -> (#A1)-0-A01 | C6: - | D6: Untitled_Results_Group | E6: 08_18_08_BDV3.1_1 | F6: 3730BDTv3-KB-DeNovo_v5.2
A7: B01 | B7: =IF( VLOOKUP(A7, Data!$A$2:$F$97, 6, FALSE) = "", "-", VLOOKUP(A7, Data!$A$2:$F$97, 6, FALSE) ) -> - | C7: - | D7: Untitled_Results_Group | E7: 08_18_08_BDV3.1_1 | F7: 3730BDTv3-KB-DeNovo_v5.2
A8: C01 | B8: =IF( VLOOKUP(A8, Data!$A$2:$F$97, 6, FALSE) = "", "-", VLOOKUP(A8, Data!$A$2:$F$97, 6, FALSE) ) -> - | C8: - | D8: Untitled_Results_Group | E8: 08_18_08_BDV3.1_1 | F8: 3730BDTv3-KB-DeNovo_v5.2
A9: D01 | B9: =IF( VLOOKUP(A9, Data!$A$2:$F$97, 6, FALSE) = "", "-", VLOOKUP(A9, Data!$A$2:$F$97, 6, FALSE) ) -> - | C9: - | D9: Untitled_Results_Group | E9: 08_18_08_BDV3.1_1 | F9: 3730BDTv3-KB-DeNovo_v5.2
A10: E01 | B10: =IF( VLOOKUP(A10, Data!$A$2:$F$97, 6, FALSE) = "", "-", VLOOKUP(A10, Data!$A$2:$F$97, 6, FALSE) ) -> - | C10: - | D10: Untitled_Results_Group | E10: 08_18_08_BDV3.1_1 | F10: 3730BDTv3-KB-DeNovo_v5.2
A11: F01 | B11: =IF( VLOOKUP(A11, Data!$A$2:$F$97, 6, FALSE) = "", "-", VLOOKUP(A11, Data!$A$2:$F$97, 6, FALSE) ) -> - | C11: - | D11: Untitled_Results_Group | E11: 08_18_08_BDV3.1_1 | F11: 3730BDTv3-KB-DeNovo_v5.2
A12: G01 | B12: =IF( VLOOKUP(A12, Data!$A$2:$F$97, 6, FALSE) = "", "-", VLOOKUP(A12, Data!$A$2:$F$97, 6, FALSE) ) -> - | C12: - | D12: Untitled_Results_Group | E12: 08_18_08_BDV3.1_1 | F12: 3730BDTv3-KB-DeNovo_v5.2
A13: H01 | B13: =IF( VLOOKUP(A13, Data!$A$2:$F$97, 6, FALSE) = "", "-", VLOOKUP(A13, Data!$A$2:$F$97, 6, FALSE) ) -> - | C13: - | D13: Untitled_Results_Group | E13: 08_18_08_BDV3.1_1 | F13: 3730BDTv3-KB-DeNovo_v5.2
A14: A02 | B14: =IF( VLOOKUP(A14, Data!$A$2:$F$97, 6, FALSE) = "", "-", VLOOKUP(A14, Data!$A$2:$F$97, 6, FALSE) ) -> - | C14: - | D14: Untitled_Results_Group | E14: 08_18_08_BDV3.1_1 | F14: 3730BDTv3-KB-DeNovo_v5.2
A15: B02 | B15: =IF( VLOOKUP(A15, Data!$A$2:$F$97, 6, FALSE) = "", "-", VLOOKUP(A15, Data!$A$2:$F$97, 6, FALSE) ) -> - | C15: - | D15: Untitled_Results_Group | E15: 08_18_08_BDV3.1_1 | F15: 3730BDTv3-KB-DeNovo_v5.2
A16: C02 | B16: =IF( VLOOKUP(A16, Data!$A$2:$F$97, 6, FALSE) = "", "-", VLOOKUP(A16, Data!$A$2:$F$97, 6, FALSE) ) -> - | C16: - | D16: Untitled_Results_Group | E16: 08_18_08_BDV3.1_1 | F16: 3730BDTv3-KB-DeNovo_v5.2
A17: D02 | B17: =IF( VLOOKUP(A17, Data!$A$2:$F$97, 6, FALSE) = "", "-", VLOOKUP(A17, Data!$A$2:$F$97, 6, FALSE) ) -> - | C17: - | D17: Untitled_Results_Group | E17: 08_18_08_BDV3.1_1 | F17: 3730BDTv3-KB-DeNovo_v5.2
... A101: H12 | B101: =IF( VLOOKUP(A101, Data!$A$2:$F$97, 6, FALSE) = "", "-", VLOOKUP(A101, Data!$A$2:$F$97, 6, FALSE) ) -> - | C101: - | D101: Untitled_Results_Group | E101: 08_18_08_BDV3.1_1 | F101: 3730BDTv3-KB-DeNovo_v5.2
